id,orientacion,objetivo,rubro,horas_semana,horizonte_meses,idioma,timezone,apetito_riesgo,estilo_decision,skills_ofrece,skills_busca,inversion_dinero
Mateo Rossi,"[""it"", ""producto"", ""ia""]",startup_tech,"[""fintech"", ""proptech""]",20,12,es,GMT-3,5,4,"[""backend"", ""python"", ""fastapi""]","[""ventas"", ""growth"", ""marketing""]",3
Sofía Benítez,"[""diseno"", ""producto"", ""branding""]",agencia_digital,"[""edtech"", ""e-commerce""]",10,6,es,GMT-3,2,1,"[""ux_ui"", ""figma"", ""branding""]","[""frontend"", ""desarrollo_web""]",1
Lucas Fernández,"[""arquitectura"", ""construccion"", ""operaciones""]",saas_b2b,"[""constech"", ""real_estate""]",15,18,es,GMT-3,4,2,"[""gestion_obras"", ""presupuestos"", ""autoCAD""]","[""fullstack"", ""data_analytics""]",4
Camila Goldstein,"[""inversion"", ""finanzas"", ""legales""]",fondo_venture,"[""fintech"", ""biotech""]",25,24,en,GMT-3,3,1,"[""modelado_financiero"", ""fundraising"", ""due_diligence""]","[""cto"", ""tech_lead""]",5
Santiago Peralta,"[""agronomia"", ""sustentabilidad"", ""it""]",startup_agtech,"[""agtech"", ""climatetech""]",12,12,es,GMT-3,3,3,"[""iot"", ""sensores"", ""datos_satelitales""]","[""desarrollo_mobile"", ""ux_design""]",2
Elena Rostova,"[""data"", ""ia"", ""investigacion""]",saas_b2b,"[""healthtech"", ""ia_aplicada""]",30,36,en,GMT+1,4,2,"[""machine_learning"", ""python"", ""computer_vision""]","[""product_manager"", ""ventas_b2b""]",2
Joaquín Zabala,"[""ventas"", ""marketing"", ""growth""]",e-commerce_brand,"[""fashion"", ""retail""]",40,6,es,GMT-3,5,5,"[""meta_ads"", ""funnels"", ""shopify""]","[""diseno_grafico"", ""logistica""]",3
Valentina Méndez,"[""educacion"", ""contenido"", ""comunidad""]",infoproductos,"[""edtech"", ""creators""]",8,3,es,GMT-3,2,4,"[""creacion_contenido"", ""storytelling"", ""redes_sociales""]","[""edicion_video"", ""copys""]",1
David Chen,"[""it"", ""hardware"", ""iot""]",hardware_startup,"[""smart_home"", ""logistica""]",18,12,en,GMT-5,3,2,"[""firmware"", ""c++"", ""impresion_3d""]","[""marketing"", ""diseñador_industrial""]",3
Martina Castro,"[""gastronomia"", ""operaciones"", ""eventos""]",dark_kitchen,"[""foodtech"", ""hospitality""]",25,9,es,GMT-3,4,3,"[""costos"", ""gestion_proveedores"", ""cocina_profesional""]","[""app_pedidos"", ""marketing_digital""]",4
Thiago Silva,"[""it"", ""web3"", ""finanzas""]",protocolo_crypto,"[""defi"", ""blockchain""]",35,12,pt,GMT-3,5,5,"[""solidity"", ""smart_contracts"", ""backend""]","[""seguridad_auditoria"", ""tokenomics""]",2
Lucía Morales,"[""salud"", ""bienestar"", ""psicologia""]",plataforma_telemedicina,"[""healthtech"", ""wellness""]",10,15,es,GMT-3,1,1,"[""diagnostico_clinico"", ""investigacion_medica"", ""redaccion_tecnica""]","[""desarrollo_web"", ""legal_tech""]",2
Agustín Romero,"[""musica"", ""audio"", ""it""]",saas_creativos,"[""media"", ""entertainment""]",14,6,es,GMT-3,3,4,"[""produccion_musical"", ""dsp"", ""python""]","[""frontend"", ""ui_ux""]",1
Gaston Mercier,"[""logistica"", ""operaciones"", ""it""]",saas_b2b,"[""supply_chain"", ""e-commerce""]",20,12,fr,GMT+2,3,2,"[""optimizacion_rutas"", ""excel_avanzado"", ""sql""]","[""backend_developer"", ""sales_manager""]",4
Florencia Vignolo,"[""legal"", ""compliance"", ""negocios""]",consultora_tech,"[""legaltech"", ""regtech""]",12,18,es,GMT-3,2,1,"[""derecho_informatico"", ""contratos"", ""propiedad_intelectual""]","[""growth_hacker"", ""desarrollador_fullstack""]",3
