perfil_a,perfil_b,pasa_filtros,motivo_descarte,compatibilidad_personal,necesidad,score,orientacion_solapamiento,similitud_objetivos_pct,similitud_objetivos_categoria
Mateo Rossi,Lucas Fernández,True,,0.912,0.203,0.557,0.0,85,positiva
Sofía Benítez,Valentina Méndez,True,,0.85,0.25,0.55,0.0,55,neutral
Valentina Méndez,Agustín Romero,True,,0.925,0.167,0.546,0.0,50,neutral
Lucía Morales,Florencia Vignolo,True,,0.925,0.112,0.519,0.0,50,neutral
Mateo Rossi,Martina Castro,True,,0.887,0.132,0.51,0.0,50,neutral
Joaquín Zabala,Martina Castro,True,,0.85,0.171,0.51,0.0,50,neutral
Sofía Benítez,Agustín Romero,True,,0.85,0.166,0.508,0.0,50,neutral
Lucas Fernández,Florencia Vignolo,True,,0.888,0.112,0.5,0.0,50,neutral
Mateo Rossi,Santiago Peralta,True,,0.888,0.112,0.5,0.2,50,neutral
Santiago Peralta,Martina Castro,True,,0.925,0.075,0.5,0.0,50,neutral
Lucas Fernández,Martina Castro,True,,0.85,0.15,0.5,0.2,50,neutral
Santiago Peralta,Agustín Romero,True,,0.887,0.112,0.499,0.2,50,neutral
Joaquín Zabala,Agustín Romero,True,,0.888,0.095,0.491,0.0,50,neutral
Joaquín Zabala,Valentina Méndez,True,,0.812,0.153,0.483,0.0,40,neutral
Santiago Peralta,Lucía Morales,True,,0.812,0.15,0.481,0.0,50,neutral
Lucas Fernández,Santiago Peralta,True,,0.85,0.112,0.481,0.0,50,neutral
Sofía Benítez,Lucía Morales,True,,0.85,0.112,0.481,0.0,50,neutral
Santiago Peralta,Valentina Méndez,True,,0.812,0.129,0.471,0.0,50,neutral
Sofía Benítez,Santiago Peralta,True,,0.812,0.128,0.47,0.0,50,neutral
Sofía Benítez,Joaquín Zabala,True,,0.738,0.19,0.464,0.0,40,neutral
Sofía Benítez,Florencia Vignolo,True,,0.85,0.075,0.462,0.0,50,neutral
Martina Castro,Agustín Romero,True,,0.887,0.037,0.462,0.0,50,neutral
Santiago Peralta,Florencia Vignolo,True,,0.812,0.112,0.462,0.0,50,neutral
Mateo Rossi,Agustín Romero,True,,0.85,0.075,0.462,0.2,50,neutral
Santiago Peralta,Joaquín Zabala,True,,0.775,0.132,0.454,0.0,50,neutral
Mateo Rossi,Valentina Méndez,True,,0.775,0.125,0.45,0.0,50,neutral
Sofía Benítez,Martina Castro,True,,0.812,0.079,0.446,0.0,50,neutral
Lucas Fernández,Lucía Morales,True,,0.812,0.075,0.444,0.0,50,neutral
Camila Goldstein,David Chen,True,,0.812,0.075,0.444,0.0,50,neutral
Valentina Méndez,Martina Castro,True,,0.812,0.049,0.431,0.0,50,neutral
Martina Castro,Florencia Vignolo,True,,0.738,0.112,0.425,0.0,50,neutral
Mateo Rossi,Florencia Vignolo,True,,0.7,0.15,0.425,0.0,50,neutral
Camila Goldstein,Elena Rostova,True,,0.775,0.058,0.417,0.0,50,neutral
Valentina Méndez,Florencia Vignolo,True,,0.738,0.075,0.406,0.0,50,neutral
Mateo Rossi,Lucía Morales,True,,0.7,0.112,0.406,0.0,50,neutral
Lucas Fernández,Agustín Romero,True,,0.738,0.075,0.406,0.0,50,neutral
Valentina Méndez,Lucía Morales,True,,0.7,0.112,0.406,0.0,50,neutral
Martina Castro,Lucía Morales,True,,0.738,0.075,0.406,0.0,50,neutral
Lucía Morales,Agustín Romero,True,,0.7,0.112,0.406,0.0,50,neutral
Agustín Romero,Florencia Vignolo,True,,0.7,0.075,0.387,0.0,50,neutral
Lucas Fernández,Valentina Méndez,True,,0.7,0.049,0.374,0.0,45,neutral
Joaquín Zabala,Florencia Vignolo,True,,0.588,0.15,0.369,0.0,50,neutral
Joaquín Zabala,Lucía Morales,True,,0.588,0.112,0.35,0.0,50,neutral
Mateo Rossi,Joaquín Zabala,True,,0.387,0.287,0.337,0.0,30,negativa
Lucas Fernández,Joaquín Zabala,True,,0.2,0.227,0.214,0.0,25,negativa
Sofía Benítez,Lucas Fernández,True,,0.238,0.113,0.175,0.0,25,negativa
Mateo Rossi,Sofía Benítez,True,,0.2,0.091,0.146,0.2,25,negativa
Lucas Fernández,Elena Rostova,False,idioma,0.0,0.0,0.0,0.0,100,positiva
Sofía Benítez,Thiago Silva,False,idioma,0.0,0.0,0.0,0.0,50,neutral
Sofía Benítez,Camila Goldstein,False,idioma,0.0,0.0,0.0,0.0,50,neutral
Sofía Benítez,Elena Rostova,False,idioma,0.0,0.0,0.0,0.0,25,negativa
Mateo Rossi,Thiago Silva,False,idioma,0.0,0.0,0.0,0.2,50,neutral
Mateo Rossi,Gaston Mercier,False,idioma,0.0,0.0,0.0,0.2,85,positiva
Sofía Benítez,David Chen,False,idioma,0.0,0.0,0.0,0.0,50,neutral
Mateo Rossi,Camila Goldstein,False,idioma,0.0,0.0,0.0,0.0,50,neutral
Mateo Rossi,Elena Rostova,False,idioma,0.0,0.0,0.0,0.2,85,positiva
Mateo Rossi,David Chen,False,idioma,0.0,0.0,0.0,0.2,50,neutral
Camila Goldstein,Santiago Peralta,False,idioma,0.0,0.0,0.0,0.0,50,neutral
Lucas Fernández,Gaston Mercier,False,idioma,0.0,0.0,0.0,0.2,100,positiva
Lucas Fernández,Thiago Silva,False,idioma,0.0,0.0,0.0,0.0,50,neutral
Lucas Fernández,David Chen,False,idioma,0.0,0.0,0.0,0.0,50,neutral
Lucas Fernández,Camila Goldstein,False,idioma,0.0,0.0,0.0,0.0,50,neutral
Sofía Benítez,Gaston Mercier,False,idioma,0.0,0.0,0.0,0.0,25,negativa
Santiago Peralta,Elena Rostova,False,idioma,0.0,0.0,0.0,0.0,50,neutral
Santiago Peralta,David Chen,False,idioma,0.0,0.0,0.0,0.2,50,neutral
Santiago Peralta,Thiago Silva,False,idioma,0.0,0.0,0.0,0.2,50,neutral
Camila Goldstein,Agustín Romero,False,idioma,0.0,0.0,0.0,0.0,50,neutral
Camila Goldstein,Lucía Morales,False,idioma,0.0,0.0,0.0,0.0,50,neutral
Camila Goldstein,Thiago Silva,False,idioma,0.0,0.0,0.0,0.2,50,neutral
Camila Goldstein,Gaston Mercier,False,idioma,0.0,0.0,0.0,0.0,50,neutral
Camila Goldstein,Joaquín Zabala,False,idioma,0.0,0.0,0.0,0.0,50,neutral
Camila Goldstein,Valentina Méndez,False,idioma,0.0,0.0,0.0,0.0,50,neutral
Camila Goldstein,Martina Castro,False,idioma,0.0,0.0,0.0,0.0,50,neutral
Joaquín Zabala,Thiago Silva,False,idioma,0.0,0.0,0.0,0.0,50,neutral
Joaquín Zabala,David Chen,False,idioma,0.0,0.0,0.0,0.0,50,neutral
Elena Rostova,Gaston Mercier,False,idioma,0.0,0.0,0.0,0.0,100,positiva
Elena Rostova,Florencia Vignolo,False,idioma,0.0,0.0,0.0,0.0,50,neutral
Elena Rostova,Agustín Romero,False,idioma,0.0,0.0,0.0,0.0,50,neutral
Elena Rostova,Lucía Morales,False,idioma,0.0,0.0,0.0,0.0,50,neutral
Elena Rostova,Martina Castro,False,idioma,0.0,0.0,0.0,0.0,50,neutral
Elena Rostova,Thiago Silva,False,idioma,0.0,0.0,0.0,0.0,50,neutral
Elena Rostova,Joaquín Zabala,False,idioma,0.0,0.0,0.0,0.0,25,negativa
Santiago Peralta,Gaston Mercier,False,idioma,0.0,0.0,0.0,0.2,50,neutral
Elena Rostova,David Chen,False,timezone,0.0,0.0,0.0,0.0,50,neutral
Elena Rostova,Valentina Méndez,False,idioma,0.0,0.0,0.0,0.0,45,neutral
Camila Goldstein,Florencia Vignolo,False,idioma,0.0,0.0,0.0,0.0,50,neutral
Valentina Méndez,David Chen,False,idioma,0.0,0.0,0.0,0.0,50,neutral
Valentina Méndez,Thiago Silva,False,idioma,0.0,0.0,0.0,0.0,50,neutral
Joaquín Zabala,Gaston Mercier,False,idioma,0.0,0.0,0.0,0.0,25,negativa
David Chen,Gaston Mercier,False,idioma,0.0,0.0,0.0,0.2,50,neutral
David Chen,Agustín Romero,False,idioma,0.0,0.0,0.0,0.2,50,neutral
David Chen,Lucía Morales,False,idioma,0.0,0.0,0.0,0.0,50,neutral
David Chen,Thiago Silva,False,idioma,0.0,0.0,0.0,0.2,50,neutral
David Chen,Martina Castro,False,idioma,0.0,0.0,0.0,0.0,50,neutral
Valentina Méndez,Gaston Mercier,False,idioma,0.0,0.0,0.0,0.0,45,neutral
David Chen,Florencia Vignolo,False,idioma,0.0,0.0,0.0,0.0,50,neutral
Martina Castro,Thiago Silva,False,idioma,0.0,0.0,0.0,0.0,50,neutral
Thiago Silva,Agustín Romero,False,idioma,0.0,0.0,0.0,0.2,50,neutral
Thiago Silva,Lucía Morales,False,idioma,0.0,0.0,0.0,0.0,50,neutral
Martina Castro,Gaston Mercier,False,idioma,0.0,0.0,0.0,0.2,50,neutral
Thiago Silva,Gaston Mercier,False,idioma,0.0,0.0,0.0,0.2,50,neutral
Lucía Morales,Gaston Mercier,False,idioma,0.0,0.0,0.0,0.0,50,neutral
Thiago Silva,Florencia Vignolo,False,idioma,0.0,0.0,0.0,0.0,50,neutral
Agustín Romero,Gaston Mercier,False,idioma,0.0,0.0,0.0,0.2,50,neutral
Gaston Mercier,Florencia Vignolo,False,idioma,0.0,0.0,0.0,0.0,50,neutral
